<?xml version="1.0" encoding="UTF-8" standalone="no"?><Entities build="b46" majorVersion="8" minorVersion="0" modelPersistenceProviderPackage="H2PersistenceProviderPackage" revision="5" schemaVersion="1000"><DataShapes><DataShape baseDataShape="" description="" documentationContent="" homeMashup="" lastModifiedDate="2017-11-23T13:58:49.906+02:00" name="DropBoxDS" projectName="" tags=""><Owner name="Administrator" type="User"/><avatar/><DesignTimePermissions><Create/><Read/><Update/><Delete/><Metadata/></DesignTimePermissions><RunTimePermissions/><VisibilityPermissions><Visibility/></VisibilityPermissions><ConfigurationTables/><FieldDefinitions><FieldDefinition baseType="STRING" description="" name="Name" ordinal="1"/></FieldDefinitions><ConfigurationChanges><ConfigurationChange changeAction="CREATE" changeReason="header : name : updated&#10;" timestamp="2017-11-23T13:58:49.906+02:00" user="Administrator"/></ConfigurationChanges></DataShape></DataShapes></Entities>